src_comp_id,src_comp,dst_comp_id,dst_comp,src_port,dst_port,start_time,duration,byte_count,num_connections
1,C1065,2,C3799,389,N10451,1,0,5323,1
1,C1065,72,C2475,389,N10383,6,0,620,1
1,C1065,131,C980,445,N10615,14,13,1653,1
1,C1065,135,C3662,N17,N17,15,0,120,1
1,C1065,138,C1277,445,N10620,15,12,1653,1
1,C1065,135,C3662,445,N5657,15,2,1476,1
1,C1065,183,C5713,389,N10892,23,0,117,1
1,C1065,220,C5753,389,N10931,28,0,191,1
1,C1065,220,C5753,389,N10933,28,0,117,1
1,C1065,344,C354,445,N10945,52,76,149804,2
1,C1065,2,C3799,N17,N17,54,0,240,2
1,C1065,2,C3799,445,N10844,54,11,2418,1
1,C1065,157,C1508,445,N5712,56,0,138,3
1,C1065,439,C3947,135,N5618,67,30,520,1
1,C1065,439,C3947,N197,N6101,67,30,516,1
1,C1065,443,C1095,389,N1056,68,5,20710,3
1,C1065,443,C1095,389,N609,69,9,138,2
1,C1065,455,C2908,N17,N17,71,0,240,4
1,C1065,458,C4858,389,N11216,74,0,204,1
1,C1065,458,C4858,138,138,75,11,1296,2
1,C1065,91,C3405,389,N10899,83,0,1825,1
1,C1065,91,C3405,389,N2569,83,0,4221,1
1,C1065,91,C3405,389,N55,83,0,1825,1
1,C1065,183,C5713,389,N11251,83,0,117,1
1,C1065,220,C5753,389,N11305,88,0,191,1
1,C1065,220,C5753,389,N11306,88,0,117,1
1,C1065,607,C274,445,N10991,91,10,2359,1
1,C1065,463,C3912,135,N1908,91,12,800,1
1,C1065,463,C3912,445,N4399,91,12,601564,1
1,C1065,463,C3912,N17,N17,91,12,240,1
1,C1065,463,C3912,N197,N11011,91,12,436,1
1,C1065,658,C1205,389,N10987,96,2,12664,2
1,C1065,255,C1845,445,N3804,99,14,1653,1
1,C1065,463,C3912,135,N4405,102,20,520,1
1,C1065,463,C3912,N197,N5340,102,20,548,1
1,C1065,463,C3912,445,N3885,103,11,17246,1
1,C1065,443,C1095,389,N11387,107,0,117,1
1,C1065,692,C958,88,N10313,108,0,1564,1
1,C1065,692,C958,88,N10315,108,0,360,1
1,C1065,812,C4100,88,N11065,110,0,1756,1
1,C1065,828,C4444,389,N7777,116,0,193,1
1,C1065,828,C4444,N17,N17,116,0,360,3
1,C1065,828,C4444,389,N10959,116,1,34486,1
1,C1065,828,C4444,389,N5639,116,1,846,1
1,C1065,828,C4444,445,N11175,116,11,83049,1
1,C1065,828,C4444,135,N7286,116,30,432,1
1,C1065,828,C4444,N72,N7287,116,30,1580,1
1,C1065,533,C602,389,N11464,119,0,193,1
1,C1065,533,C602,88,N5296,119,0,1600,1
1,C1065,533,C602,88,N5686,119,0,361,1
1,C1065,533,C602,445,N2135,119,25,83449,9
1,C1065,72,C2475,389,N9158,126,0,620,1
1,C1065,317,C719,445,N11272,130,12,2359,1
1,C1065,828,C4444,389,N4973,139,0,5369,1
1,C1065,898,C4131,N17,N17,139,0,240,2
1,C1065,898,C4131,445,N144,139,10,2418,1
1,C1065,903,C5672,389,N11600,141,0,117,1
1,C1065,906,C739,445,N3314,141,16,1653,1
1,C1065,183,C5713,389,N11601,143,0,117,1
1,C1065,140,C4835,389,N11295,146,0,827,1
1,C1065,140,C4835,389,N25,146,0,7018,2
1,C1065,220,C5753,389,N11652,148,0,191,1
1,C1065,220,C5753,389,N4951,148,0,117,1
1,C1065,935,C5008,389,N11678,156,0,193,1
1,C1065,941,C1000,389,N1010,164,0,3174,1
1,C1065,941,C1000,389,N11398,164,0,1865,1
1,C1065,941,C1000,389,N11702,164,0,193,1
1,C1065,941,C1000,389,N3470,164,0,1855,1
1,C1065,941,C1000,389,N5443,164,0,4241,1
1,C1065,287,C5151,389,N8742,167,0,193,1
1,C1065,287,C5151,135,N9940,167,30,800,1
1,C1065,287,C5151,N197,N9094,167,30,436,1
1,C1065,287,C5151,135,N11581,170,27,3320,1
1,C1065,287,C5151,N197,N10685,170,27,3556,1
1,C1065,220,C5753,389,N3438,173,123,1607144,6
1,C1065,458,C4858,389,N11751,175,0,193,1
1,C1065,458,C4858,389,N11756,175,0,193,1
1,C1065,458,C4858,N72,N11471,175,0,140,1
1,C1065,458,C4858,N72,N11472,175,0,140,1
1,C1065,458,C4858,N72,N352,175,0,140,1
1,C1065,458,C4858,N72,N8621,175,0,140,1
1,C1065,458,C4858,135,N11499,175,28,1392,1
1,C1065,458,C4858,N72,N1893,176,0,140,1
1,C1065,458,C4858,N72,N8335,176,0,140,1
1,C1065,1078,C5741,389,N11829,181,0,117,1
1,C1065,104,C1467,445,N1605,192,0,2359,2
1,C1065,1118,C1098,389,N11896,197,0,193,1
1,C1065,287,C5151,389,N10686,201,0,193,1
1,C1065,287,C5151,88,N2284,201,0,2208,1
1,C1065,183,C5713,389,N11907,203,0,117,1
1,C1065,220,C5753,389,N11951,208,0,191,1
1,C1065,220,C5753,389,N11952,208,0,117,1
1,C1065,220,C5753,389,N11982,216,0,117,1
1,C1065,220,C5753,389,N8669,216,0,191,1
1,C1065,828,C4444,445,N11808,226,11,2073,1
1,C1065,1111,C4515,389,N6296,245,0,193,1
1,C1065,1111,C4515,88,N11833,245,0,1892,2
1,C1065,1111,C4515,88,N12127,245,0,1391,1
1,C1065,1111,C4515,88,N6301,245,0,124,1
1,C1065,1260,C4513,N17,N17,245,0,240,2
1,C1065,1260,C4513,445,N3492,245,10,2418,1
1,C1065,1262,C827,445,N1964,245,14,1653,1
1,C1065,72,C2475,389,N11877,246,0,3008,1
1,C1065,183,C5713,389,N12191,263,0,117,1
1,C1065,1290,C3093,N17,N17,264,0,120,1
1,C1065,1290,C3093,445,N45,264,12,1397,1
1,C1065,220,C5753,389,N12214,268,0,191,1
1,C1065,220,C5753,389,N12215,268,0,117,1
1,C1065,824,C4618,N17,N17,275,0,240,2
1,C1065,824,C4618,445,N12061,275,22,4736,2
1,C1065,961,C2131,389,N12258,282,0,193,1
1,C1065,961,C2131,N17,N17,282,1,406,3
1,C1065,961,C2131,389,N4177,283,0,800,1
1,C1065,961,C2131,389,N6150,283,0,30884,1
1,C1065,961,C2131,445,N12092,283,11,2182,1
1,C1065,961,C2131,135,N2730,283,30,624,1
1,C1065,961,C2131,N72,N4489,283,30,1777,1
1,C1065,525,C3865,135,N2540,284,15,884,1
1,C1065,525,C3865,N197,N4600,284,15,1888,1
1,C1065,1326,C2784,139,N12026,287,0,3757,1
1,C1065,1326,C2784,139,N4837,287,0,3061,1
1,C1065,1326,C2784,445,N12027,287,0,48,1
1,C1065,1326,C2784,N17,N17,287,0,480,4
1,C1065,1281,C2827,389,N12116,298,0,14014,2
1,C1065,102,C4232,389,N12376,307,0,193,1
1,C1065,102,C4232,88,N12375,307,0,1424,1
1,C1065,102,C4232,88,N12377,307,0,1454,1
1,C1065,957,C1260,445,N3612,307,11,1653,1
1,C1065,961,C2131,389,N12140,312,0,5369,1
1,C1065,183,C5713,389,N12441,323,0,117,1
1,C1065,183,C5713,389,N12442,323,0,191,1
1,C1065,220,C5753,389,N12480,328,0,117,1
1,C1065,220,C5753,389,N12483,328,0,191,1
1,C1065,956,C1119,445,N2533,356,11,1653,1
1,C1065,1251,C1420,445,N12435,364,14,1654,1
1,C1065,72,C2475,389,N12414,366,0,620,1
1,C1065,439,C3947,135,N6575,367,29,520,1
1,C1065,439,C3947,N197,N6576,367,29,516,1
1,C1065,537,C684,389,N12454,380,0,3174,1
1,C1065,537,C684,389,N12456,380,0,4241,1
1,C1065,537,C684,389,N12768,380,0,193,1
1,C1065,537,C684,389,N6633,380,0,1855,1
1,C1065,183,C5713,389,N12772,383,0,117,1
1,C1065,441,C876,445,N12532,383,12,1653,1
1,C1065,871,C831,445,N4341,383,13,1653,1
1,C1065,1401,C5902,389,N12776,385,0,193,1
1,C1065,220,C5753,389,N12801,388,0,191,1
1,C1065,220,C5753,389,N12802,388,0,117,1
1,C1065,458,C4858,N901,N564,401,0,2480,1
1,C1065,1127,C5237,389,N12889,405,0,193,1
1,C1065,1127,C5237,445,N2396,405,38,41473,1
1,C1065,1127,C5237,135,N2407,406,13,884,1
1,C1065,1127,C5237,N197,N2410,406,13,664,1
1,C1065,443,C1095,389,N12895,407,0,117,1
1,C1065,852,C2548,88,N12585,412,0,1800,1
1,C1065,516,C1923,389,N12620,415,0,7419,1
1,C1065,460,C2852,389,N12636,421,0,9440,2
1,C1065,1590,C3235,N17,N17,428,0,240,2
1,C1065,1590,C3235,445,N6482,428,24,4850,2
1,C1065,1598,C5455,135,N10698,435,0,432,2
1,C1065,1598,C5455,389,N13005,435,0,193,1
1,C1065,1598,C5455,N17,N17,435,0,406,3
1,C1065,1598,C5455,N72,N10696,435,0,1596,2
1,C1065,1598,C5455,389,N12755,435,1,800,1
1,C1065,1598,C5455,389,N806,435,1,26146,1
1,C1065,1598,C5455,445,N12793,435,12,3154,1
1,C1065,1258,C1030,123,123,437,0,96,1
1,C1065,903,C5672,389,N13033,441,0,117,1
1,C1065,903,C5672,389,N13035,441,0,191,1
1,C1065,183,C5713,389,N13036,443,0,117,1
1,C1065,220,C5753,389,N13054,448,0,117,1
1,C1065,220,C5753,389,N13060,448,0,191,1
1,C1065,862,C5154,N17,N17,460,0,240,2
1,C1065,862,C5154,445,N10958,460,11,2418,1
1,C1065,1620,C5156,N17,N17,461,0,120,1
1,C1065,1620,C5156,445,N6145,461,11,1476,1
1,C1065,115,C3238,N17,N17,467,29,512,3
1,C1065,115,C3238,445,N12929,467,3,2418,1
1,C1065,1553,C810,445,N12989,474,13,1653,1
1,C1065,1078,C5741,389,N13206,481,0,191,1
1,C1065,1078,C5741,389,N13207,481,0,117,1
1,C1065,72,C2475,389,N9833,486,0,620,1
1,C1065,115,C3238,389,N13260,493,0,193,1
1,C1065,115,C3238,135,N13117,493,30,432,1
1,C1065,115,C3238,N72,N13118,493,62,3083,2
1,C1065,115,C3238,389,N11593,494,0,800,1
1,C1065,115,C3238,389,N13026,494,0,45426,2
1,C1065,868,C2493,N17,N17,494,1,406,3
1,C1065,868,C2493,445,N13074,494,10,2418,1
1,C1065,115,C3238,445,N11597,494,22,4281,2
1,C1065,1650,C5281,N17,N17,502,0,240,2
1,C1065,1650,C5281,445,N10540,502,11,2418,1
1,C1065,183,C5713,389,N13289,503,0,117,1
1,C1065,220,C5753,389,N13300,508,0,191,1
1,C1065,220,C5753,389,N13301,508,0,117,1
1,C1065,1655,C5292,N17,N17,508,0,240,2
1,C1065,1655,C5292,445,N3615,508,10,2418,1
1,C1065,1070,C2461,445,N13257,512,37,16822,1
1,C1065,1667,C5315,N17,N17,521,0,240,2
1,C1065,1667,C5315,445,N13133,521,5,2418,1
1,C1065,530,C50,445,N13223,533,11,1653,1
1,C1065,1093,C3143,445,N13265,540,13,1653,1
1,C1065,1230,C768,389,N13473,544,0,193,1
1,C1065,1230,C768,N901,N13231,544,0,3993,1
1,C1065,1230,C768,N901,N13232,544,0,1969,1
1,C1065,1230,C768,N901,N13239,544,0,2055,1
1,C1065,1230,C768,N901,N11220,550,0,2055,1
1,C1065,1230,C768,N901,N11222,550,0,1605,1
1,C1065,1230,C768,N901,N13236,550,0,1969,1
1,C1065,3,C1423,445,N13327,555,22,2984,2
1,C1065,183,C5713,389,N13535,563,0,117,1
1,C1065,220,C5753,389,N13555,568,0,191,1
1,C1065,220,C5753,389,N13556,568,0,117,1
1,C1065,966,C4223,N17,N17,573,45,226,2
1,C1065,966,C4223,445,N13390,573,6,2418,1
1,C1065,272,C484,445,N4449,584,14,1653,1
1,C1065,1598,C5455,445,N13469,586,11,2418,1
1,C1065,72,C2475,389,N13503,606,0,1037,2
1,C1065,183,C5713,389,N13825,623,0,117,1
1,C1065,220,C5753,389,N13839,628,0,191,1
1,C1065,220,C5753,389,N13841,628,0,117,1
1,C1065,767,C49,445,N13618,629,11,1653,1
1,C1065,1243,C8,389,N13880,631,0,193,1
1,C1065,1243,C8,135,N203,631,13,884,1
1,C1065,1243,C8,N197,N200,631,13,664,1
1,C1065,284,C1142,445,N13680,633,30,3016,2
1,C1065,1747,C3198,445,N13635,634,10,1653,1
1,C1065,961,C2131,445,N12304,636,12,2418,1
1,C1065,759,C3784,445,N13751,642,16,2359,1
1,C1065,1780,C4352,N17,N17,658,0,240,2
1,C1065,1780,C4352,445,N5300,658,10,2418,1
1,C1065,439,C3947,135,N7029,667,29,520,1
1,C1065,439,C3947,N197,N7030,667,29,516,1
1,C1065,443,C1095,389,N14107,669,1,13856,4
1,C1065,443,C1095,389,N14109,669,1,9487,4
1,C1065,137,C1905,N17,N17,670,0,240,2
1,C1065,137,C1905,445,N11066,670,24,4570,2
1,C1065,321,C5778,389,N14115,671,0,193,1
1,C1065,321,C5778,389,N14160,674,0,193,1
1,C1065,1281,C2827,389,N13828,681,0,1855,1
1,C1065,1281,C2827,389,N13836,681,0,4241,1
1,C1065,1281,C2827,389,N13834,681,1,3174,1
1,C1065,726,C150,389,N14190,682,0,193,1
1,C1065,726,C150,88,N13848,682,0,2598,1
1,C1065,183,C5713,389,N14192,683,0,117,1
1,C1065,220,C5753,389,N14215,688,0,191,1
1,C1065,220,C5753,389,N14219,688,0,117,1
1,C1065,952,C4287,389,N10398,699,0,1779,1
1,C1065,952,C4287,389,N13960,699,0,1779,1
1,C1065,952,C4287,389,N9310,699,0,4175,1
1,C1065,443,C1095,389,N14332,707,0,117,1
1,C1065,537,C684,389,N825,708,0,7419,1
1,C1065,111,C161,389,N1485,712,0,193,1
1,C1065,111,C161,389,N14024,712,1,3174,1
1,C1065,111,C161,389,N14034,713,0,7909,2
1,C1065,111,C161,389,N14035,713,0,1855,1
1,C1065,1281,C2827,389,N14080,725,0,8756,2
1,C1065,72,C2475,389,N8690,726,0,620,1
1,C1065,157,C1508,445,N1009,736,40,16530,1
1,C1065,903,C5672,389,N14541,741,0,117,1
1,C1065,183,C5713,389,N14543,743,0,117,1
1,C1065,220,C5753,389,N14567,748,0,191,1
1,C1065,220,C5753,389,N14568,748,0,117,1
1,C1065,183,C5713,389,N14585,751,0,117,1
1,C1065,1866,C920,445,N7558,751,13,1653,1
1,C1065,1872,C1843,N17,N17,761,0,180,3
1,C1065,1872,C1843,445,N12758,761,11,2418,1
1,C1065,460,C2852,N17,N17,762,0,240,2
1,C1065,460,C2852,445,N14369,762,22,4570,2
1,C1065,1874,C2902,N17,N17,763,0,240,2
1,C1065,1874,C2902,445,N14382,763,12,2418,1
1,C1065,1078,C5741,389,N14708,781,0,117,1
1,C1065,1872,C1843,135,N13923,783,0,544,2
1,C1065,1872,C1843,389,N14273,783,0,193,1
1,C1065,1872,C1843,N197,N13915,783,0,1340,2
1,C1065,1742,C5542,389,N2261,789,0,1835,1
1,C1065,1742,C5542,389,N12545,790,0,1779,1
1,C1065,1742,C5542,389,N2104,790,0,1779,1
1,C1065,1590,C3235,389,N14767,799,0,191,1
1,C1065,183,C5713,389,N14788,803,0,117,1
1,C1065,1326,C2784,445,N5657,804,11,2418,1
1,C1065,255,C1845,389,N14825,805,0,193,1
1,C1065,255,C1845,389,N14826,805,0,193,1
1,C1065,255,C1845,389,N14828,805,0,193,1
1,C1065,255,C1845,88,N13484,805,0,3260,1
1,C1065,255,C1845,135,N9100,805,12,460,1
1,C1065,255,C1845,389,N14573,805,2,24698,1
1,C1065,255,C1845,N72,N9097,805,32,1464,1
1,C1065,255,C1845,389,N14059,806,0,1855,1
1,C1065,255,C1845,389,N1712,806,0,788,1
1,C1065,255,C1845,389,N2627,806,0,4241,1
1,C1065,255,C1845,88,N14576,806,0,3260,1
1,C1065,255,C1845,445,N14633,806,15,1951,1
1,C1065,220,C5753,389,N14832,808,0,117,1
1,C1065,220,C5753,389,N3756,808,0,191,1
1,C1065,272,C484,389,N14894,818,0,193,1
1,C1065,272,C484,135,N14661,818,12,504,1
1,C1065,272,C484,389,N967,818,2,31616,1
1,C1065,272,C484,N72,N14744,818,32,1552,1
1,C1065,272,C484,445,N14781,818,76,78377,2
1,C1065,1401,C5902,389,N14895,820,0,193,1
1,C1065,726,C150,88,N14722,842,0,1782,1
1,C1065,1693,C355,389,N14960,844,0,193,1
1,C1065,1693,C355,389,N4171,844,0,7419,1
1,C1065,1230,C768,N901,N14714,844,0,1605,1
1,C1065,1230,C768,N901,N14715,844,0,2055,1
1,C1065,1230,C768,N901,N706,844,0,1923,1
1,C1065,72,C2475,389,N9707,846,0,620,1
1,C1065,1932,C3914,135,N14883,846,30,520,1
1,C1065,1932,C3914,N197,N14884,846,30,532,1
1,C1065,1891,C2393,389,N9936,850,0,4129,1
1,C1065,1891,C2393,389,N9937,850,0,1733,1
1,C1065,1891,C2393,389,N9938,850,0,1733,1
1,C1065,1230,C768,N901,N14743,850,0,1969,1
1,C1065,1230,C768,N901,N8185,850,0,1605,1
1,C1065,1230,C768,N901,N8186,850,0,2055,1
1,C1065,1891,C2393,389,N9939,851,0,1743,1
1,C1065,1070,C2461,445,N14969,862,41,82140,1
1,C1065,183,C5713,389,N15037,863,0,117,1
1,C1065,220,C5753,389,N15044,868,0,191,1
1,C1065,220,C5753,389,N15046,868,0,117,1
1,C1065,1732,C3457,389,N15091,874,0,193,1
1,C1065,1732,C3457,88,N15089,874,0,1412,1
1,C1065,1732,C3457,88,N15090,874,0,1431,1
1,C1065,1732,C3457,N17,N17,874,0,240,2
1,C1065,1732,C3457,445,N4811,874,11,2418,1
1,C1065,1326,C2784,139,N5328,888,0,48,1
1,C1065,1326,C2784,139,N5658,888,0,48,1
1,C1065,1326,C2784,445,N4021,888,0,3757,1
1,C1065,1326,C2784,445,N5664,888,0,3061,1
1,C1065,894,C4722,389,N11954,903,0,4221,1
1,C1065,894,C4722,389,N13713,903,0,1779,1
1,C1065,894,C4722,389,N14990,903,1,1825,1
1,C1065,894,C4722,389,4094,904,0,3420,2
1,C1065,894,C4722,389,N13295,904,0,1825,1
1,C1065,894,C4722,389,N13474,904,0,1835,1
1,C1065,1891,C2393,389,N13492,905,0,1835,1
1,C1065,1891,C2393,389,N14961,905,0,1779,1
1,C1065,1891,C2393,389,N14962,905,0,1779,1
1,C1065,441,C876,445,N15049,907,16,2265,1
1,C1065,131,C980,445,N15048,914,13,1653,1
1,C1065,138,C1277,445,N7559,915,12,1653,1
1,C1065,183,C5713,389,N15245,923,0,117,1
1,C1065,220,C5753,389,N15274,928,0,117,1
1,C1065,220,C5753,389,N5817,928,0,191,1
1,C1065,1606,C372,389,N15315,936,0,193,1
1,C1065,1606,C372,135,N7573,936,10,884,1
1,C1065,1606,C372,N197,N7574,936,10,664,1
1,C1065,111,C161,389,N11405,940,0,788,1
1,C1065,111,C161,389,N11447,940,0,1855,1
1,C1065,111,C161,389,N11456,940,0,1855,1
1,C1065,819,C2882,445,N15170,946,12,2159,1
1,C1065,2,C3799,445,N10899,954,11,2418,1
1,C1065,1124,C1543,389,N15384,955,0,193,1
1,C1065,894,C4722,389,N14140,961,0,1825,1
1,C1065,894,C4722,389,N14142,961,0,1825,1
1,C1065,894,C4722,389,N14863,961,0,1835,1
1,C1065,72,C2475,389,N14533,966,0,620,1
1,C1065,439,C3947,135,N8100,967,30,520,1
1,C1065,439,C3947,N197,N8663,967,30,516,1
1,C1065,1872,C1843,389,N15490,980,0,193,1
1,C1065,1872,C1843,445,N577,981,11,5591,1
1,C1065,183,C5713,389,N15511,983,0,117,1
1,C1065,220,C5753,389,N15520,988,0,191,1
1,C1065,220,C5753,389,N5816,988,0,117,1
1,C1065,1452,C992,389,N7937,989,0,6981,1
1,C1065,1452,C992,88,N13707,989,0,1764,1
1,C1065,1452,C992,88,N13743,989,0,1910,2
1,C1065,1452,C992,88,N13744,989,0,360,1
1,C1065,1452,C992,88,N15285,989,0,1756,1
1,C1065,458,C4858,389,N15578,995,0,204,1
1,C1065,255,C1845,445,N1633,999,14,1653,1
1,C1065,443,C1095,389,N11972,1007,0,191,1
1,C1065,443,C1095,389,N15605,1007,0,117,1
1,C1065,1946,C3100,445,N9975,1014,29,4684,1
1,C1065,898,C4131,445,N2952,1039,10,2418,1
1,C1065,903,C5672,389,N15734,1041,0,117,1
1,C1065,906,C739,445,N15554,1041,16,1653,1
1,C1065,183,C5713,389,N15736,1043,0,117,1
1,C1065,1429,C679,389,N15740,1044,0,193,1
1,C1065,1429,C679,135,N15568,1044,12,828,1
1,C1065,1429,C679,N197,N15569,1044,12,576,1
1,C1065,964,C3778,389,N15524,1046,0,1779,1
1,C1065,964,C3778,389,N15528,1046,0,4129,1
1,C1065,964,C3778,N17,N17,1046,0,120,1
1,C1065,964,C3778,445,N7294,1046,3,65859,1
1,C1065,964,C3778,389,N15525,1047,0,1789,1
1,C1065,964,C3778,389,N2415,1047,0,1779,1
1,C1065,220,C5753,389,N15764,1048,0,191,1
1,C1065,220,C5753,389,N15765,1048,0,117,1
1,C1065,393,C2591,389,N10468,1073,0,1743,1
1,C1065,393,C2591,389,N10506,1073,0,4175,1
1,C1065,393,C2591,389,N15486,1073,0,1779,1
1,C1065,393,C2591,389,N15630,1073,0,1733,1
1,C1065,1078,C5741,389,N15861,1081,0,117,1
1,C1065,72,C2475,389,N15694,1086,0,620,1
1,C1065,111,C161,389,N15695,1089,0,9483,2
1,C1065,111,C161,389,N15696,1089,0,52736,2
1,C1065,183,C5713,389,N15952,1103,0,117,1
1,C1065,220,C5753,389,N15965,1108,0,117,1
1,C1065,220,C5753,389,N15966,1108,0,191,1
1,C1065,1904,C3120,N17,N17,1112,0,120,1
1,C1065,1904,C3120,445,N14961,1112,11,108833,1
1,C1065,115,C3238,135,N15890,1115,32,432,1
1,C1065,115,C3238,N72,N15891,1115,32,1596,1
1,C1065,115,C3238,389,N860,1116,0,800,1
1,C1065,115,C3238,389,N869,1116,0,43396,2
1,C1065,115,C3238,139,N3381,1117,2,1478,1
1,C1065,1245,C4501,N17,N17,1125,0,120,1
1,C1065,1245,C4501,445,N13118,1125,11,617342,1
1,C1065,828,C4444,445,N15849,1126,11,2418,1
1,C1065,828,C4444,135,N15982,1135,30,624,1
1,C1065,115,C3238,389,N6632,1136,0,5415,1
1,C1065,1111,C4515,88,N16107,1145,0,1389,1
1,C1065,1260,C4513,445,N9566,1145,10,2418,1
1,C1065,1262,C827,445,N12832,1145,14,1653,1
1,C1065,1230,C768,N901,N15921,1151,0,1605,1
1,C1065,1230,C768,N901,N15922,1151,0,2055,1
1,C1065,1230,C768,N901,N15923,1151,0,1969,1
1,C1065,1281,C2827,389,N16136,1152,0,193,1
1,C1065,1281,C2827,389,N15924,1153,0,9894,2
1,C1065,1230,C768,N901,N15919,1156,0,1605,1
1,C1065,1230,C768,N901,N5798,1156,0,2776,2
1,C1065,1230,C768,N901,N9368,1156,0,2055,1
1,C1065,903,C5672,389,N16173,1158,0,117,1
1,C1065,321,C5778,389,N16165,1158,0,193,1
1,C1065,1765,C2183,389,N16183,1163,0,193,1
1,C1065,183,C5713,389,N16182,1163,0,117,1
1,C1065,220,C5753,389,N16211,1168,0,191,1
1,C1065,220,C5753,389,N16212,1168,0,117,1
1,C1065,824,C4618,445,N797,1175,11,2418,1
1,C1065,1085,C616,N17,N17,1205,0,120,1
1,C1065,1085,C616,445,N5843,1205,5,5592,1
1,C1065,72,C2475,389,N15999,1206,0,3054,1
1,C1065,957,C1260,445,N16227,1207,23,1653,1
1,C1065,957,C1260,389,N16379,1217,0,193,1
1,C1065,898,C4131,389,N16388,1217,0,193,1
1,C1065,898,C4131,N901,N12088,1217,0,1523,1
1,C1065,898,C4131,N901,N1888,1217,0,3622,1
1,C1065,898,C4131,N901,N5587,1217,0,3982,1
1,C1065,898,C4131,N901,N5767,1217,0,1978,1
1,C1065,898,C4131,N901,N5770,1217,0,2081,1
1,C1065,957,C1260,135,N16230,1217,10,504,1
1,C1065,957,C1260,445,N16233,1217,13,1613,1
1,C1065,957,C1260,389,N16191,1217,2,29728,1
1,C1065,957,C1260,N72,N16296,1217,30,1584,1
1,C1065,183,C5713,389,N16401,1223,0,117,1
1,C1065,1430,C4907,389,N11239,1227,0,193,1
1,C1065,1430,C4907,135,N13325,1227,42,624,1
1,C1065,220,C5753,389,N16415,1228,0,117,1
1,C1065,220,C5753,389,N16416,1228,0,191,1
1,C1065,1078,C5741,389,N16436,1233,0,117,1
1,C1065,1078,C5741,88,N16435,1233,0,1378,1
1,C1065,931,C3534,389,N16471,1240,0,193,1
1,C1065,931,C3534,88,N16277,1240,0,1650,1
1,C1065,931,C3534,88,N16278,1240,0,360,1
1,C1065,1598,C5455,135,N8818,1248,0,624,2
1,C1065,1430,C4907,N17,N17,1251,0,120,1
1,C1065,1430,C4907,445,N12735,1251,12,2073,1
1,C1065,1694,C5375,389,N14426,1252,0,4129,1
1,C1065,1694,C5375,389,N16334,1252,0,1733,1
1,C1065,1694,C5375,389,N1805,1252,0,1779,1
1,C1065,956,C1119,445,N3437,1256,11,1653,1
1,C1065,1251,C1420,445,N567,1264,14,1654,1
1,C1065,439,C3947,135,N16480,1267,35,9760,1
1,C1065,439,C3947,N197,N6266,1267,35,9636,1
1,C1065,539,C735,389,N8759,1272,0,193,1
1,C1065,539,C735,135,N13604,1272,15,504,1
1,C1065,539,C735,N72,N13597,1272,35,1536,1
1,C1065,539,C735,389,N16366,1273,0,6981,1
1,C1065,183,C5713,389,N16618,1283,0,191,1
1,C1065,183,C5713,389,N16619,1283,0,117,1
1,C1065,441,C876,445,N8245,1283,12,1653,1
1,C1065,871,C831,445,N4264,1283,13,1653,1
1,C1065,220,C5753,389,N16641,1288,0,191,1
1,C1065,220,C5753,389,N16642,1288,0,117,1
1,C1065,349,C1700,389,N16651,1293,0,193,1
1,C1065,349,C1700,389,N2085,1293,1,800,1
1,C1065,349,C1700,389,N6723,1293,1,20276,1
1,C1065,458,C4858,389,N16694,1301,0,193,1
1,C1065,309,C3756,N17,N17,1301,0,120,1
1,C1065,458,C4858,N901,N16468,1301,0,2526,1
1,C1065,309,C3756,445,N11431,1301,10,65621,1
1,C1065,443,C1095,389,N16700,1307,0,117,1
1,C1065,349,C1700,N17,N17,1310,0,120,1
1,C1065,349,C1700,445,N16565,1310,12,5591,1
1,C1065,72,C2475,389,N8932,1326,0,620,1
1,C1065,1590,C3235,445,N4524,1328,12,2418,1
1,C1065,1689,C4508,389,2430,1332,0,1825,1
1,C1065,1689,C4508,389,N10198,1332,0,1825,1
1,C1065,1689,C4508,389,N15757,1332,0,6486,2
1,C1065,1689,C4508,389,N2245,1332,0,1825,1
1,C1065,1689,C4508,389,2431,1332,1,1835,1
1,C1065,903,C5672,389,N16824,1341,0,117,1
1,C1065,183,C5713,389,N16829,1343,0,117,1
1,C1065,1608,C1428,389,N16850,1346,0,193,1
1,C1065,220,C5753,389,N16851,1348,0,191,1
1,C1065,220,C5753,389,N16852,1348,0,117,1
1,C1065,862,C5154,445,N11129,1360,11,2418,1
1,C1065,1553,C810,389,N15191,1365,0,7419,1
1,C1065,1553,C810,389,N16899,1365,0,193,1
1,C1065,115,C3238,445,N16730,1367,2,2418,1
1,C1065,1553,C810,445,N16801,1374,13,1653,1
1,C1065,1078,C5741,389,N16954,1381,0,117,1
1,C1065,1230,C768,N901,N13297,1394,0,2055,1
1,C1065,1230,C768,N901,N13304,1394,0,1923,1
1,C1065,1230,C768,N901,N16818,1394,0,1605,1
1,C1065,868,C2493,445,N16834,1394,10,2418,1
1,C1065,1230,C768,N901,N11069,1400,0,2009,1
1,C1065,1230,C768,N901,N16831,1400,0,1559,1
1,C1065,1230,C768,N901,N16833,1400,0,3482,2
1,C1065,1650,C5281,445,N16528,1402,11,2418,1
1,C1065,183,C5713,389,N17026,1403,0,117,1
1,C1065,220,C5753,389,N17031,1408,0,191,1
1,C1065,220,C5753,389,N17033,1408,0,117,1
1,C1065,1299,C4597,N17,N17,1408,0,120,1
1,C1065,1655,C5292,445,N6615,1408,10,2418,1
1,C1065,1299,C4597,445,N7612,1408,11,5592,1
1,C1065,1667,C5315,445,N5210,1421,3,2418,1
1,C1065,1932,C3914,135,N3813,1424,30,800,1
1,C1065,1932,C3914,N197,N3348,1424,30,436,1
1,C1065,966,C4223,389,N16922,1428,1,846,1
1,C1065,966,C4223,389,N16925,1428,1,25734,1
1,C1065,966,C4223,135,1241,1428,30,816,1
1,C1065,966,C4223,N72,N17019,1428,37,2320,1
1,C1065,966,C4223,445,N15600,1428,4,3154,1
1,C1065,1932,C3914,135,N4317,1432,30,800,1
1,C1065,1932,C3914,N197,N4305,1432,30,820,1
1,C1065,530,C50,445,N3240,1433,11,1653,1
1,C1065,1093,C3143,445,N2392,1440,13,1653,1
1,C1065,72,C2475,389,N9830,1446,0,620,1
1,C1065,287,C5151,88,N10309,1448,0,1601,1
1,C1065,287,C5151,88,N17166,1448,0,124,1
1,C1065,287,C5151,88,N17167,1448,0,1391,1
1,C1065,287,C5151,88,N6296,1448,0,1391,1
1,C1065,1655,C5292,389,N16957,1449,0,7368,1
1,C1065,1655,C5292,389,N6163,1449,0,193,1
1,C1065,1230,C768,N901,N16984,1451,0,3993,1
1,C1065,1230,C768,N901,N16985,1451,0,2055,1
1,C1065,1230,C768,N901,N16986,1451,0,1969,1
1,C1065,3,C1423,445,N17044,1455,11,1653,1
1,C1065,1230,C768,N901,N13298,1456,0,1969,1
1,C1065,1230,C768,N901,N17005,1456,0,2048,2
1,C1065,1230,C768,N901,N17006,1456,0,2916,2
1,C1065,1237,C290,389,N17201,1458,0,193,1
1,C1065,1237,C290,88,N1629,1458,0,1564,1
1,C1065,1237,C290,88,N17013,1458,0,360,1
1,C1065,183,C5713,389,N17203,1463,0,117,1
1,C1065,220,C5753,389,N17220,1468,0,117,1
1,C1065,220,C5753,389,N17221,1468,0,191,1
1,C1065,966,C4223,445,N17085,1473,5,2684,1
1,C1065,272,C484,445,N14470,1485,13,1653,1
1,C1065,1598,C5455,445,N9032,1486,11,1476,1
1,C1065,1326,C2784,139,N2176,1487,0,3757,1
1,C1065,1326,C2784,139,N455,1487,0,3061,1
1,C1065,1326,C2784,445,N2107,1487,0,48,1
1,C1065,104,C1467,445,N723,1491,48,2359,1
1,C1065,1118,C1098,135,N13427,1496,12,884,1
1,C1065,1118,C1098,N197,N2338,1496,12,1888,1
1,C1065,1093,C3143,389,N17326,1501,0,193,1
1,C1065,1093,C3143,135,N7608,1501,15,504,1
1,C1065,1093,C3143,N72,N14581,1501,35,1472,1
1,C1065,692,C958,88,N14059,1509,0,1560,1
1,C1065,692,C958,88,N2466,1509,0,501,1
1,C1065,692,C958,88,N2627,1509,0,1723,1
1,C1065,321,C5778,389,N17379,1515,0,193,1
1,C1065,868,C2493,135,N15791,1517,30,432,1
1,C1065,868,C2493,N72,N13479,1517,33,1660,1
1,C1065,868,C2493,389,N11523,1518,0,5542,1
1,C1065,868,C2493,389,N11850,1518,0,1770,1
1,C1065,868,C2493,389,N8709,1518,0,1770,1
1,C1065,868,C2493,389,N2313,1518,1,846,1
1,C1065,868,C2493,389,N2710,1518,2,64482,2
1,C1065,868,C2493,445,N2792,1518,10,2182,1
1,C1065,183,C5713,389,N17406,1523,0,117,1
1,C1065,1093,C3143,389,N9983,1523,2,46248,2
1,C1065,1093,C3143,445,N17241,1523,14,1905,1
1,C1065,220,C5753,389,N17411,1528,0,117,1
1,C1065,220,C5753,389,N17412,1528,0,191,1
1,C1065,1251,C1420,389,N17422,1529,0,193,1
1,C1065,767,C49,445,N6497,1529,11,1653,1
1,C1065,1251,C1420,135,N1391,1530,11,504,1
1,C1065,1251,C1420,445,N7194,1530,24,4538,2
1,C1065,1251,C1420,389,N1384,1530,4,64708,2
1,C1065,1251,C1420,N72,N1383,1530,62,2654,2
1,C1065,539,C735,445,N17350,1530,38,1653,1
1,C1065,284,C1142,445,N17282,1533,15,1654,1
1,C1065,1747,C3198,445,N17285,1534,10,1653,1
1,C1065,961,C2131,445,N10230,1536,12,2418,1
1,C1065,1262,C827,389,N17462,1541,0,193,1
1,C1065,1262,C827,389,N17464,1541,0,193,1
1,C1065,1262,C827,88,N12669,1541,0,500,1
1,C1065,1262,C827,88,N12714,1541,0,1747,1
1,C1065,1262,C827,88,N12715,1541,0,1810,1
1,C1065,1262,C827,88,N1332,1541,0,1788,1
1,C1065,1262,C827,88,N1357,1541,0,1780,1
1,C1065,1262,C827,88,N14457,1541,0,1754,1
1,C1065,1262,C827,88,N14458,1541,0,1588,1
1,C1065,1262,C827,88,N14459,1541,0,360,1
1,C1065,1262,C827,88,N14738,1541,0,1782,1
1,C1065,1262,C827,88,N14769,1541,0,1780,1
1,C1065,1262,C827,88,N1806,1541,0,1584,1
1,C1065,1262,C827,88,N1983,1541,0,1780,1
1,C1065,1262,C827,135,N12665,1541,12,504,1
1,C1065,1262,C827,445,N1356,1541,14,1905,1
1,C1065,1262,C827,389,N13550,1541,2,29135,1
1,C1065,1262,C827,N72,N12671,1541,32,1568,1
1,C1065,1780,C4352,445,N5517,1558,11,2418,1
1,C1065,1553,C810,389,N17531,1560,0,193,1
1,C1065,1553,C810,135,N376,1560,15,504,1
1,C1065,1553,C810,N72,N378,1560,35,1472,1
1,C1065,1553,C810,389,N15459,1561,0,1855,1
1,C1065,1553,C810,389,N16118,1561,0,788,1
1,C1065,1553,C810,389,N17320,1561,0,4241,1
1,C1065,1553,C810,389,N156,1561,1,24388,1
1,C1065,1553,C810,445,N17369,1561,12,1951,1
1,C1065,72,C2475,389,N4311,1567,0,620,1
1,C1065,439,C3947,135,N4167,1567,29,800,1
1,C1065,439,C3947,N197,N10077,1567,29,516,1
1,C1065,137,C1905,445,N16004,1570,12,2418,1
1,C1065,287,C5151,135,N14881,1570,34,520,1
1,C1065,287,C5151,N197,N11833,1570,34,452,1
1,C1065,321,C5778,389,N15366,1575,0,193,1
1,C1065,1281,C2827,389,N17394,1580,0,7459,1
1,C1065,183,C5713,389,N17620,1583,0,117,1
1,C1065,220,C5753,389,N17645,1588,0,117,1
1,C1065,220,C5753,389,N17648,1588,0,191,1
1,C1065,463,C3912,389,N17678,1594,0,193,1
1,C1065,443,C1095,389,N17728,1607,0,117,1
1,C1065,111,C161,389,N17533,1619,0,12198,2
1,C1065,903,C5672,389,N17827,1641,0,191,1
1,C1065,903,C5672,389,N17828,1641,0,117,1
1,C1065,183,C5713,389,N17648,1643,0,117,1
1,C1065,220,C5753,389,N17845,1648,0,117,1
1,C1065,220,C5753,389,N17847,1648,0,191,1
1,C1065,111,C161,389,N17655,1651,0,5059,1
1,C1065,1866,C920,445,N17733,1651,13,1653,1
1,C1065,1700,C5410,389,N15864,1653,0,1733,1
1,C1065,1700,C5410,389,N17664,1653,0,4175,1
1,C1065,1700,C5410,389,N17665,1653,0,1733,1
1,C1065,1700,C5410,389,N17667,1654,0,1743,1
1,C1065,1872,C1843,445,N3397,1661,11,2418,1
1,C1065,460,C2852,445,N13243,1662,11,2418,1
1,C1065,1874,C2902,445,N2482,1663,12,2418,1
1,C1065,1078,C5741,389,N17937,1681,0,117,1
1,C1065,1078,C5741,389,N17939,1681,0,191,1
1,C1065,1698,C3955,123,123,1683,0,96,1
1,C1065,72,C2475,389,N17074,1687,0,620,1
1,C1065,941,C1000,389,N17810,1692,0,28325,1
1,C1065,941,C1000,389,N739,1692,0,5318,1
1,C1065,1230,C768,N901,N17797,1694,0,1559,1
1,C1065,1230,C768,N901,N7929,1694,0,2009,1
1,C1065,1230,C768,N901,N7933,1694,0,1969,1
1,C1065,1230,C768,N901,N14153,1700,0,2009,1
1,C1065,1230,C768,N901,N17830,1700,0,1969,1
1,C1065,1230,C768,N901,N4559,1700,0,3072,2
1,C1065,1118,C1098,135,N1778,1701,10,884,1
1,C1065,1118,C1098,N197,N2403,1701,10,664,1
1,C1065,1124,C1543,389,N18012,1703,0,193,1
1,C1065,183,C5713,389,N18011,1703,0,117,1
1,C1065,443,C1095,389,N18014,1704,0,117,1
1,C1065,1326,C2784,445,N2982,1704,11,2418,1
1,C1065,220,C5753,389,N18061,1708,0,117,1
1,C1065,220,C5753,389,N18062,1708,0,191,1
1,C1065,1225,C4459,389,N10518,1716,0,193,1
1,C1065,1225,C4459,135,N10236,1717,16,3600,1
1,C1065,1225,C4459,N197,N10229,1717,16,3508,1
1,C1065,140,C4835,123,123,1749,0,96,1
1,C1065,1859,C205,389,N3531,1749,0,6981,1
1,C1065,441,C876,445,N8157,1752,11,2265,1
1,C1065,183,C5713,389,N18239,1763,0,117,1
1,C1065,1988,C1387,445,N6980,1766,40,17630,1
1,C1065,1608,C1428,389,N18044,1768,0,3174,1
1,C1065,220,C5753,389,N18250,1768,0,117,1
1,C1065,220,C5753,389,N18254,1768,0,191,1
1,C1065,1452,C992,389,N18267,1770,0,193,1
1,C1065,1452,C992,88,N18072,1770,0,365,1
1,C1065,1452,C992,88,N18080,1770,0,824,2
1,C1065,1452,C992,88,N18083,1770,0,798,2
1,C1065,1452,C992,88,N18081,1770,1,399,1
1,C1065,1281,C2827,389,N18079,1771,0,1911,1
1,C1065,1281,C2827,389,N5630,1771,0,1855,1
1,C1065,1281,C2827,389,N5638,1771,0,7092,2
1,C1065,1452,C992,88,N18082,1771,0,435,1
1,C1065,1452,C992,88,N18084,1771,0,435,1
1,C1065,1452,C992,88,N18086,1771,0,399,1
1,C1065,1281,C2827,389,N18075,1771,1,3174,1
1,C1065,1281,C2827,389,N18085,1771,2,3457,2
1,C1065,224,C2798,389,N18287,1772,0,193,1
1,C1065,224,C2798,88,N7696,1772,0,2108,1
1,C1065,1732,C3457,445,N2062,1774,11,2418,1
1,C1065,480,C1645,445,N8322,1784,86,157562,2
1,C1065,224,C2798,88,N16822,1793,0,2810,2
3,C1423,4,C1707,N1136,N1,1,0,847,1
3,C1423,4,C1707,N1142,N1,1,0,847,1
3,C1423,6,C5720,N1759,445,90,0,460,10
3,C1423,1,C1065,N13327,445,555,11,4265,1
3,C1423,4,C1707,N13805,N1,671,10,1213,1
3,C1423,45,C706,N15604,80,1004,60,3523,1
3,C1423,1,C1065,N17044,445,1455,11,4265,1
3,C1423,22,C5030,N17251,443,1480,3,1739,2
3,C1423,4,C1707,N17395,N1,1573,10,1213,1
5,C14909,6,C5720,N8191,2049,1,0,52,1
5,C14909,6,C5720,N8192,2049,1,0,52,1
5,C14909,6,C5720,N8193,2049,1,0,52,1
5,C14909,6,C5720,N1021,111,551,0,456,1
5,C14909,6,C5720,N10467,N230,551,0,472,1
5,C14909,6,C5720,N13246,N230,551,0,472,1
5,C14909,6,C5720,N13250,N230,551,0,472,1
5,C14909,6,C5720,N373,111,551,0,456,1
5,C14909,6,C5720,N377,111,551,0,456,1
5,C14909,6,C5720,N13247,111,552,0,808,1
5,C14909,6,C5720,N13248,N230,552,0,472,1
5,C14909,6,C5720,N13249,N230,552,0,472,1
5,C14909,6,C5720,N13252,N230,552,0,472,1
5,C14909,6,C5720,N13258,111,552,0,808,1
5,C14909,6,C5720,N13497,2049,552,0,3204,3
5,C14909,6,C5720,N13498,2049,552,0,3000,3
5,C14909,6,C5720,N13502,2049,552,0,3000,3
5,C14909,6,C5720,N1595,111,552,0,808,1
4,C1707,3,C1423,N1,N1136,1,0,414,1
4,C1707,3,C1423,N1,N1142,1,0,413,1
4,C1707,7,C925,N1,N10487,1,0,414,1
4,C1707,7,C925,N1,N10491,1,0,413,1
4,C1707,14,C1799,N1,N5523,1,6,2755,1
4,C1707,27,C172,N1,N10495,2,6,2755,1
4,C1707,60,C1607,N1,N636,5,0,46,1
4,C1707,60,C1607,N1,N2377,5,6,547,1
4,C1707,100,C23396,N1,N3378,8,0,376,1
4,C1707,111,C161,N1,N10553,9,6,2979,1
4,C1707,118,C4529,N1,N10540,11,5,2751,1
4,C1707,123,C1638,N1,N10574,12,6,2755,1
4,C1707,142,C3277,N1,N10584,16,5,2576,1
4,C1707,141,C1167,N1,N32,16,6,3026,1
4,C1707,143,C5215,N1,N10585,16,6,2975,1
4,C1707,144,C5530,N1,N10572,16,6,2976,1
4,C1707,147,C676,N1,N4806,17,0,413,1
4,C1707,147,C676,N1,N4807,17,0,414,1
4,C1707,153,C2619,N1,N10573,17,5,2755,1
4,C1707,161,C3202,N1,N10613,19,7,2975,1
4,C1707,181,C1487,N1,N10364,22,6,2979,1
4,C1707,184,C3407,N1,N10579,23,0,409,1
4,C1707,184,C3407,N1,N10580,23,0,410,1
4,C1707,185,C191,N1,N10617,23,5,2755,1
4,C1707,197,C1229,N1,N10570,25,0,414,1
4,C1707,197,C1229,N1,N10571,25,0,413,1
4,C1707,201,C159,N1,N10634,25,6,2755,1
4,C1707,202,C3718,N1,N8224,25,6,2755,1
4,C1707,208,C421,N1,N8133,26,6,2975,1
4,C1707,225,C426,N1,N10657,28,6,2975,1
4,C1707,239,C4647,N1,N5075,32,1,413,1
4,C1707,239,C4647,N1,N5076,33,0,414,1
4,C1707,254,C5888,N1,N1652,34,1,376,1
4,C1707,267,C2321,N1,N2524,36,36,134902034,2
4,C1707,279,C4578,N1,N2885,39,6,2975,1
4,C1707,282,C4679,N1,N6788,41,0,409,1
4,C1707,282,C4679,N1,N6789,41,0,410,1
4,C1707,284,C1142,N1,N10735,41,6,2979,1
4,C1707,285,C1363,N1,N10714,41,6,2755,1
4,C1707,310,C164,N1,N8283,45,6,2755,1
4,C1707,43,C379,N1,N6982,45,6,2755,1
4,C1707,312,C3942,N1,N36,45,6,2975,1
4,C1707,314,C4135,N1,N9969,46,0,2816,1
4,C1707,315,C442,N1,N7996,46,0,413,1
4,C1707,315,C442,N1,N9141,46,0,414,1
4,C1707,314,C4135,N1,N10712,47,0,383,1
4,C1707,328,C20093,N1,N10702,48,0,376,1
4,C1707,328,C20093,N1,N10703,48,0,376,1
4,C1707,328,C20093,N1,N10704,48,0,376,1
4,C1707,332,C18057,N1,N1663,49,0,376,1
4,C1707,332,C18057,N1,N6689,49,0,376,1
4,C1707,332,C18057,N1,N6706,49,0,376,1
4,C1707,350,C5583,N1,N1646,53,0,2709,1
4,C1707,350,C5583,N1,N700,53,5,369,1
4,C1707,355,C1321,N1,N10787,54,5,2755,1
4,C1707,360,C3841,N1,N4045,55,15,52719316,1
4,C1707,361,C2056,N1,N3316,55,5,2755,1
4,C1707,238,C433,N1,N9139,58,6,2976,1
4,C1707,379,C2759,N1,N1808,59,0,413,1
4,C1707,379,C2759,N1,N3697,59,0,414,1
4,C1707,380,C5585,N1,N10795,59,0,2709,1
4,C1707,380,C5585,N1,N10781,60,5,369,1
4,C1707,256,C4384,N1,N2107,60,6,2975,1
4,C1707,391,C4509,N1,N9466,60,7,2975,1
4,C1707,392,C4893,N1,N10843,60,7,2975,1
4,C1707,394,C19384,N1,N10015,61,0,376,1
4,C1707,394,C19384,N1,N10785,61,0,376,1
4,C1707,394,C19384,N1,N10788,61,0,376,1
4,C1707,397,C5584,N1,N10790,62,0,2705,1
4,C1707,397,C5584,N1,N1849,63,6,548,1
4,C1707,411,C21756,N1,N4170,64,0,376,1
4,C1707,411,C21756,N1,N4193,64,0,376,1
4,C1707,422,C608,N1,N1619,64,6,2979,1
4,C1707,221,C20510,N1,N2366,65,0,376,1
4,C1707,221,C20510,N1,N2576,65,0,376,1
4,C1707,221,C20510,N1,N2659,65,0,376,1
4,C1707,350,C5583,N1,N10836,67,0,413,1
4,C1707,350,C5583,N1,N3665,67,0,414,1
4,C1707,459,C1516,N1,N10884,72,5,2755,1
4,C1707,154,C4639,N1,N10870,73,0,413,1
4,C1707,154,C4639,N1,N10871,73,0,414,1
4,C1707,468,C3528,N1,N4168,75,7,2976,1
4,C1707,469,C3983,N1,N10877,76,0,2816,1
4,C1707,470,C2835,N1,N2639,77,1,413,1
4,C1707,470,C2835,N1,N2638,78,0,414,1
4,C1707,469,C3983,N1,N6743,78,0,383,1
4,C1707,34,C1294,N1,N10910,81,6,2979,1
4,C1707,380,C5585,N1,N10914,82,1,413,1
4,C1707,486,C12285,N1,N10834,83,0,376,1
4,C1707,486,C12285,N1,N10911,83,0,376,1
4,C1707,486,C12285,N1,N10917,83,0,376,1
4,C1707,380,C5585,N1,N10909,83,0,414,1
4,C1707,491,C236,N1,N10960,85,6,2755,1
4,C1707,493,C18044,N1,N10923,86,0,376,1
4,C1707,493,C18044,N1,N10925,86,0,376,1
4,C1707,493,C18044,N1,N10927,86,0,376,1
4,C1707,641,C3161,N1,N10077,90,6,2975,1
4,C1707,652,C2568,N1,N10199,93,6,2975,1
4,C1707,656,C142,N1,N10967,95,0,414,1
4,C1707,656,C142,N1,N218,95,0,413,1
4,C1707,665,C5424,N1,N10844,98,0,3067,1
4,C1707,665,C5424,N1,N10984,98,0,409,1
4,C1707,672,C165,N1,N10996,99,0,414,1
4,C1707,672,C165,N1,N3788,99,0,413,1
4,C1707,676,C520,N1,N7949,101,5,2755,1
4,C1707,44,C1878,N1,N11060,101,7,2975,1
4,C1707,677,C1593,N1,N11061,102,6,2755,1
4,C1707,691,C14646,N1,N11028,107,0,376,1
4,C1707,691,C14646,N1,N11030,107,0,376,1
4,C1707,691,C14646,N1,N11032,107,0,376,1
4,C1707,809,C1528,N1,N521,109,5,2755,1
4,C1707,670,C1346,N1,N11136,109,6,2755,1
4,C1707,815,C17730,N1,N11055,112,0,376,1
4,C1707,815,C17730,N1,N2321,112,0,376,1
4,C1707,815,C17730,N1,N2652,112,0,376,1
4,C1707,818,C3507,N1,N288,112,6,2975,1
4,C1707,334,C262,N1,N11103,113,0,413,1
4,C1707,334,C262,N1,N11104,113,0,414,1
4,C1707,169,C4249,N1,N11109,114,6,2975,1
4,C1707,397,C5584,N1,N11108,114,6,3250,1
4,C1707,823,C24376,N1,N11121,115,0,376,1
4,C1707,823,C24376,N1,N11123,115,0,376,1
4,C1707,823,C24376,N1,N11126,115,0,376,1
4,C1707,826,C2577,N1,N11142,115,5,2755,1
4,C1707,827,C315,N1,N9444,115,6,2801,2
4,C1707,832,C5604,N1,N11132,117,0,2705,1
4,C1707,267,C2321,N1,N11241,117,36,134926974,2
4,C1707,348,C5186,N1,N7982,117,5,2751,1
4,C1707,688,C3589,N1,N3403,117,7,2976,1
4,C1707,835,C5602,N1,N11137,118,0,2709,1
4,C1707,832,C5604,N1,N11178,118,5,322,1
4,C1707,835,C5602,N1,N11181,118,6,369,1
4,C1707,841,C2821,N1,N11180,119,7,2975,1
4,C1707,843,C17816,N1,N11112,120,0,376,1
4,C1707,843,C17816,N1,N11115,121,0,376,1
4,C1707,843,C17816,N1,N11141,121,0,376,1
4,C1707,849,C4833,N1,N11185,121,5,2576,1
4,C1707,850,C14343,N1,N11156,122,0,376,1
4,C1707,850,C14343,N1,N2989,122,0,376,1
4,C1707,850,C14343,N1,N5616,122,0,376,1
4,C1707,383,C17644,N1,N11171,122,6,2755,1
4,C1707,351,C1867,N1,N11173,124,0,413,1
4,C1707,351,C1867,N1,N11174,124,0,414,1
4,C1707,861,C3785,N1,N5416,124,6,2975,1
4,C1707,862,C5154,N1,N10959,125,0,2816,1
4,C1707,867,C175,N1,N11227,126,5,2755,1
4,C1707,827,C315,N1,N9449,126,6,322,1
4,C1707,370,C5139,N1,N11237,127,6,2975,1
4,C1707,816,C1770,N1,N11217,129,6,2797,1
4,C1707,882,C1154,N1,N11223,130,5,2755,1
4,C1707,883,C1507,N1,N1833,130,6,2755,1
4,C1707,884,C24595,N1,N10648,131,0,428,1
4,C1707,884,C24595,N1,N11203,131,0,376,1
4,C1707,884,C24595,N1,N11210,131,0,376,1
4,C1707,835,C5602,N1,N11225,131,0,413,1
4,C1707,835,C5602,N1,N11232,131,0,414,1
4,C1707,360,C3841,N1,N11327,131,18,52719316,1
4,C1707,44,C1878,N1,N11229,134,0,410,1
4,C1707,44,C1878,N1,N9375,134,0,409,1
4,C1707,824,C4618,N1,N9469,134,6,2751,1
4,C1707,816,C1770,N1,N11274,135,5,318,1
4,C1707,334,C262,N1,N11278,136,5,2755,1
4,C1707,859,C888,N1,N11279,138,6,2755,1
4,C1707,646,C1224,N1,N11264,139,5,2755,1
4,C1707,899,C1081,N1,N11282,139,6,2755,1
4,C1707,904,C2719,N1,N4507,141,6,2751,1
4,C1707,910,C1133,N1,N11321,142,6,2755,1
4,C1707,911,C310,N1,N11320,143,5,2580,1
4,C1707,912,C1151,N1,N11260,144,0,413,1
4,C1707,912,C1151,N1,N11263,144,0,414,1
4,C1707,913,C753,N1,N2114,144,5,2755,1
4,C1707,926,C4620,N1,N4304,149,6,2975,1
4,C1707,419,C857,N1,N11372,150,5,2755,1
4,C1707,675,C5594,N1,N11378,153,6,3297,1
4,C1707,933,C23836,N1,N3298,155,0,376,1
4,C1707,933,C23836,N1,N3299,155,0,376,1
4,C1707,933,C23836,N1,N3787,155,0,376,1
4,C1707,877,C3910,N1,N11366,155,0,410,1
4,C1707,877,C3910,N1,N3107,155,0,409,1
4,C1707,207,C3921,N1,N4195,158,0,410,1
4,C1707,207,C3921,N1,N504,158,0,409,1
4,C1707,938,C4381,N1,N3012,160,8,3199,1
4,C1707,940,C1199,N1,N6728,162,5,2755,1
4,C1707,942,C3116,N1,N11403,163,5,2751,1
4,C1707,913,C753,N1,N2116,169,0,414,1
4,C1707,913,C753,N1,N2119,169,0,413,1
4,C1707,949,C5784,N1,N11437,170,0,376,1
4,C1707,949,C5784,N1,N11441,170,0,376,1
4,C1707,949,C5784,N1,N9889,170,0,376,1
4,C1707,1068,C4127,N1,N11454,176,0,409,1
4,C1707,1068,C4127,N1,N6211,176,0,410,1
4,C1707,200,C1538,N1,N10617,178,5,2755,1
4,C1707,1073,C1483,N1,N11504,179,6,2755,1
4,C1707,1074,C154,N1,N11519,179,6,2755,1
4,C1707,953,C2535,N1,N11501,181,0,413,1
4,C1707,953,C2535,N1,N11502,181,0,414,1
4,C1707,1079,C786,N1,N11544,181,6,2755,1
4,C1707,1084,C4975,N1,N5088,183,0,413,1
4,C1707,1084,C4975,N1,N5307,183,0,414,1
4,C1707,1086,C2471,N1,N1943,183,5,2755,1
4,C1707,1092,C782,N1,N11557,184,6,2755,1
4,C1707,1093,C3143,N1,N11571,184,7,2979,1
4,C1707,1097,C17047,N1,N11550,189,0,376,1
4,C1707,1097,C17047,N1,N11552,189,0,376,1
4,C1707,1097,C17047,N1,N8343,189,0,376,1
4,C1707,325,C257,N1,N11576,192,5,2755,1
4,C1707,1108,C1017,N1,N11578,192,6,2755,1
4,C1707,1110,C1935,N1,N3762,193,0,413,1
4,C1707,1110,C1935,N1,N6494,193,0,414,1
4,C1707,1109,C24466,N1,N11538,193,0,376,1
4,C1707,1109,C24466,N1,N11539,193,0,376,1
4,C1707,1109,C24466,N1,N892,193,0,376,1
4,C1707,1111,C4515,N1,N10309,193,0,410,1
4,C1707,1111,C4515,N1,N11572,193,0,409,1
4,C1707,1114,C3237,N1,N11595,195,6,2755,1
4,C1707,456,C1796,N1,N8057,197,7,3203,1
4,C1707,27,C172,N1,N11588,198,0,414,1
4,C1707,27,C172,N1,N11589,198,0,413,1
4,C1707,267,C2321,N1,N11681,198,36,134908904,2
4,C1707,1121,C2624,N1,N5749,199,0,413,1
4,C1707,1121,C2624,N1,N5750,199,0,414,1
4,C1707,1130,C10935,N1,N11637,203,0,376,1
4,C1707,1130,C10935,N1,N11638,203,0,376,1
4,C1707,1131,C14437,N1,N11635,203,0,376,1
4,C1707,1131,C14437,N1,N11642,203,0,376,1
4,C1707,1131,C14437,N1,N11643,203,0,376,1
4,C1707,1132,C1369,N1,N11619,203,6,2755,1
4,C1707,1137,C10505,N1,N11624,205,0,376,1
4,C1707,1137,C10505,N1,N5574,205,0,376,1
4,C1707,1137,C10505,N1,N7015,205,0,376,1
4,C1707,816,C1770,N1,N11629,206,0,410,1
4,C1707,816,C1770,N1,N11648,206,0,409,1
4,C1707,1139,C2292,N1,N11670,206,6,2755,1
4,C1707,384,C1336,N1,N11626,207,5,2755,1
4,C1707,360,C3841,N1,N7475,209,18,52720816,1
4,C1707,1152,C286,N1,N5697,213,6,2755,1
4,C1707,448,C2293,N1,N11697,215,6,2755,1
4,C1707,1157,C4856,N1,N4553,215,6,2976,1
4,C1707,846,C3844,N1,N3471,217,5,2755,1
4,C1707,1220,C427,N1,N8223,220,5,2755,1
4,C1707,126,C1392,N1,N193,224,5,2755,1
4,C1707,1075,C576,N1,N1218,226,6,2755,1
4,C1707,55,C4116,N1,N11728,227,0,409,1
4,C1707,55,C4116,N1,N11729,227,0,410,1
4,C1707,395,C3990,N1,N11793,229,5,2751,1
4,C1707,1232,C1484,N1,N11812,229,6,2755,1
4,C1707,1236,C18189,N1,N11737,231,0,376,1
4,C1707,1239,C352,N1,N11821,231,6,2755,1
4,C1707,1236,C18189,N1,N11724,232,0,376,1
4,C1707,1236,C18189,N1,N11725,232,0,376,1
4,C1707,1240,C5216,N1,N11723,232,0,409,1
4,C1707,1240,C5216,N1,N11726,232,0,410,1
4,C1707,1248,C24053,N1,N10148,237,0,376,1
4,C1707,1248,C24053,N1,N11815,237,0,376,1
4,C1707,1248,C24053,N1,N9040,237,0,376,1
4,C1707,238,C433,N1,N11302,237,0,409,1
4,C1707,238,C433,N1,N11814,237,0,410,1
4,C1707,112,C22442,N1,N8202,239,0,376,1
4,C1707,1255,C38,N1,N11847,242,6,2755,1
4,C1707,1090,C3940,N1,N7758,242,6,2975,1
4,C1707,106,C357,N1,N11849,243,0,414,1
4,C1707,106,C357,N1,N11852,243,0,413,1
4,C1707,223,C3701,N1,N11850,243,0,409,1
4,C1707,223,C3701,N1,N8709,243,0,410,1
4,C1707,931,C3534,N1,N11879,243,6,2979,1
4,C1707,1263,C24159,N1,N11864,247,0,376,1
4,C1707,1263,C24159,N1,N11866,247,0,376,1
4,C1707,1263,C24159,N1,N11868,247,0,376,1
4,C1707,947,C5450,N1,N11865,247,0,413,1
4,C1707,947,C5450,N1,N11870,247,0,414,1
4,C1707,1185,C3777,N1,N11894,247,6,2755,1
4,C1707,1267,C24596,N1,N11882,252,0,376,1
4,C1707,1267,C24596,N1,N11884,252,0,376,1
4,C1707,1268,C637,N1,N1878,252,5,2755,1
4,C1707,1270,C3155,N1,N11928,254,6,2755,1
4,C1707,1274,C1074,N1,N11939,257,5,2755,1
4,C1707,1275,C1401,N1,N11940,257,5,2755,1
4,C1707,1277,C25192,N1,N4288,258,5,2755,1
4,C1707,1279,C1052,N1,N11944,259,6,2755,1
